iter	F1	Logloss
0	0.003831417625	0.6007907887
1	0.1926775148	3.35337833
2	0	4.745189285
3	0	4.745189285
4	0.1628284139	12.32643057
5	0.007633587786	11.32138842
6	0.02181818182	26168.66805
7	0.04622496148	24036.405
